INSERT INTO "Country" (id, name_country)VALUES
(61,'Canada'),
(62,'Mexico'),
(63,'USA');

INSERT INTO "City"(id, name_city, id_country) VALUES
(61, 'Toronto', 61),
(62, 'Vancouver', 61),
(63, 'Ottawa', 61),
(64, 'Edmonton', 61),
(65, 'Regina', 61),
(66, 'Winnipeg', 61),
(67, 'Guadalajara', 62),
(68, 'Mexico', 62),
(69, 'Colima', 62),
(70, 'Morelia', 62),
(71, 'Pachuca', 62),
(72, 'Chicago', 63),
(73, 'Los Angeles', 63),
(74, 'New York', 63),
(75, 'Dallas', 63),
(76, 'San Francisco', 63),
(77, 'Boston', 63),
(78, 'Las Vegas', 63),
(79, 'Miami', 63),
(80, 'New Orleans', 63);

INSERT INTO "Customer"(id, f_name_customer, l_name_customer, id_city) VALUES
(61, 'Adam', 'Mitch', 72),
(62, 'Iva', 'Mackenzi', 73),
(63, 'Jennifer', 'Lopes', 74),
(64, 'Amanda', 'Selfard', 75),
(65, 'Aleksander', 'Chaned', 76),
(66, 'Kate', 'Radison', 77),
(67, 'Alison', 'Nice', 78),
(68, 'Hose', 'Amomio', 71),
(69, 'Alehandro', 'Jose', 67),
(70, 'Miguel', 'Angelo', 69),
(71, 'Juan', 'Luis', 68),
(72, 'Maria', 'Carmen', 70),
(73, 'Tom', 'Hardy', 79),
(74, 'Jastin', 'Biber', 80),
(75, 'Logan', 'Bruno', 66),
(76, 'Jacob ', 'Smith', 65),
(77, 'Thomas', 'Brodie', 64),
(78, 'Olivia', 'Noah', 63),
(79, 'Isabella ', 'James', 62),
(80, 'Mia', 'Mason', 61);

INSERT INTO "Category"(id, name_category) VALUES 
(3, 'Cosmetics');

INSERT INTO "Producer"(id, name_producer, id_country) VALUES 
(61, 'Viktoria Secret', 63),
(62, 'Revlon', 63),
(63, 'L_Oreal', 63),
(64, 'Ulta', 63),
(65, 'Rimmel', 63),
(66, 'Nudestix', 61),
(67, 'RMS beauty', 61),
(68, 'Farsali', 61),
(69, 'Nuance Salma Hayek', 62),
(70, 'Circa Beauty', 62);

INSERT INTO "Product"(id, name_product, price, id_producer, id_category) VALUES 
(61, 'Casting Creme ', 130, 63, 3),
(62, 'Alliance Perfect', 10.99, 63, 3),
(63, 'Organique Dermo Cream', 74.99, 62, 3),
(64, 'Proffessional Primer', 36.29, 62, 3),
(65, 'Shine Lipgloss', 12.59, 61, 3),
(66, 'Garden Fragrance Lotion', 19.89, 61, 3),
(67, 'My Biggest Lashes', 10.99, 64, 3),
(68, 'Liquid Eyeliner', 7.99, 64, 3),
(69, 'Superstat Matte Lipgloss', 17.32, 65, 3),
(70, 'Powder Mineral', 7.99, 65, 3),
(71, 'Sunny Lipstick beach', 2.48, 68, 3),
(72, 'Truly Natural Lipstick', 12.99, 68, 3),
(73, 'Super Lustrous Lipstick', 6.99, 66, 3),
(74, 'TATTOO BROW', 15.14, 66, 3),
(75, 'Nudies All Over Face', 18.00, 67, 3),
(76, 'New Bite Lipstick Queen', 29.50, 67, 3),
(77, 'Addesse Tarte Girlactik', 28.00, 70, 3),
(78, 'Anti-Aging Cream', 17.98, 69, 3),
(79, 'Age Glycolic Cream', 15.99, 69, 3),
(80, 'Full Coverage Foundation', 12.08, 70, 3);

INSERT INTO "Employee"(id, first_name, last_name, birth_date, hire_date, address, id_city, id_chief, notes) VALUES
(61, 'Ryan', 'Golema', '1962-06-18', '1996-04-13', 'Gloucester Drive 57a', 63, null, 'Yuliya Lapchyk'),
(62, 'Thomas', 'Lema', '1963-01-10', '1997-08-08', 'Pinewood Crescent 343', 63, 61, 'Yuliya Lapchyk'),
(63, 'Karine', 'Amber', '1987-07-28', '2011-04-13', 'Rue Dupuis 14', 63, 61, 'Yuliya Lapchyk'),
(64, 'Alex', 'Briann', '1963-05-01', '1997-01-11', 'Gloucester Drive 5', 63, 61, 'Yuliya Lapchyk'),
(65, 'Simon', 'William', '1977-08-18', '2013-04-23', 'Pin Crescent 141', 63, 61, 'Yuliya Lapchyk'),
(66, 'George', 'Olen', '1978-10-28', '2013-08-25', 'Bathurst 880', 63, 61, 'Yuliya Lapchyk'),
(67, 'Olivia', 'Golema', '1979-12-08', '2011-09-04', ' Broadway 1556', 72, null, 'Yuliya Lapchyk'),
(68, 'Adam', 'Lem', '1963-08-18', '1997-09-01', 'Dominica Circle 271 ', 72, 67, 'Yuliya Lapchyk'),
(69, 'Amanda', 'Sema', '1990-01-29', '2015-11-30', 'Fordham 5607', 72, 67, 'Yuliya Lapchyk'),
(70, 'Mikle', 'Kors', '1963-02-28', '1996-03-28', 'Clayhall Avenue 8800', 72, 67, 'Yuliya Lapchyk'),
(71, 'Tom', 'Devis', '1986-03-03', '2012-01-15', 'Pike Close 6', 72, 67, 'Yuliya Lapchyk'),
(72, 'Thomas', 'Miller', '1962-05-15', '1996-07-24', 'Broadway 2556', 72, 67, 'Yuliya Lapchyk'),
(73, 'Eva', 'Smith', '1978-12-18', '2018-02-02', 'Fordham 5708', 72, 67, 'Yuliya Lapchyk'),
(74, 'Natali', 'Wilson', '1987-11-18', '2008-04-18', 'Dominica Circle 371', 72, 67, 'Yuliya Lapchyk'),
(75, 'Emma', 'Hill', '1981-10-18', '2010-06-06', 'Bathurst 999', 72, 67, 'Yuliya Lapchyk'),
(76, 'Diego', 'Fernando', '1963-09-18', '1997-02-25', 'Avenida Bucareli 111', 68, null, 'Yuliya Lapchyk'),
(77, 'Alehandro', 'Gole', '1963-09-18', '1997-01-19', 'Paseo de la Reforma', 68, 76, 'Yuliya Lapchyk'),
(78, 'John', 'Carlos', '1995-07-18', '2017-07-21', 'Madero Street 257', 68, 76, 'Yuliya Lapchyk'),
(79, 'Miguel', 'Angelo', '1994-07-18', '2017-07-21', 'Madero Street 117', 68, 76, 'Yuliya Lapchyk'),
(80, 'Jesus', 'Luis', '1962-04-18', '1996-08-20', 'Avenida Bucareli 200', 68, 76, 'Yuliya Lapchyk');

INSERT INTO "Order"(id, id_customer, id_employee, date) VALUES 
(61, 80, 74, '2018-08-26'),
(62, 79, 73, '2018-08-28'),
(63, 78, 72, '1997-02-22'),
(64, 77, 71, '2017-07-07'),
(65, 76, 70, '1997-11-11'),
(66, 75, 69, '2018-07-26'),
(67, 74, 68, '1997-10-08'),
(68, 73, 67, '2018-05-15'),
(69, 72, 80, '1997-06-30'),
(70, 71, 79, '2017-10-06'),
(71, 70, 78, '2018-03-23'),
(72, 69, 77, '1997-02-11'),
(73, 68, 76, '1997-09-08'),
(74, 67, 75, '2018-08-26'),
(75, 66, 61, '1997-01-02'),
(76, 65, 62, '1997-09-09'),
(77, 64, 63, '2017-12-21'),
(78, 63, 64, '1997-04-14'),
(79, 62, 65, '2018-08-15'),
(80, 61, 66, '2018-08-28');

INSERT INTO "Order_product"(id_order, id_product, unit_price, amount) VALUES 
(61, 80, 12.08, 3),
(62, 79, 15.99, 1),
(63, 78, 17.98, 2),
(64, 77, 28.00, 3),
(65, 76, 29.50, 1),
(66, 75, 18.00, 2),
(67, 74, 15.14, 1),
(68, 73, 6.99, 5),
(69, 72, 12.99, 2),
(70, 71, 2.48, 20),
(71, 70, 7.99, 4),
(72, 69, 17.32, 4),
(73, 68, 7.99, 10),
(74, 67, 10.99, 11),
(75, 66, 19.89, 5),
(76, 65, 12.59, 10),
(77, 64, 36.29, 7),
(78, 63, 74.99, 5),
(79, 62, 10.99, 10),
(80, 61, 130, 3);